Sequence_ID,fasta_index,Sequence,Domain,Start,End,Domain_Length,Length,Reliability
seq_1,MG34-1,MERELVLGIDYGGKYTGLAVVDRRHNQVLYANRLKMRDDVAGILKDRRKQRGIRRTAQTKKKRLRELKNYLKSIGYNESTATFETVYSLAHKRGYDYADMPEEKTSEEIEAMDVEERKQWEKEKQEWEETKRNSRHRKEVVKDVHKAMIEGRATEEQIKRVERIFNKQYRPKRFNNRILTKCKVEDCGVNTPLRKNVRDLLIENIVRFFPIEQSEKDNLKDAVLDKNRREEVKSFFRKHKTDEHIRKQVYDIADNKLSGRTVFCKEHILEHTEHSKEERKVFRLAPSLKTKIENVLAVIKDEILPKFTVNKVVMESNNFDIAAKTQGKKRLAKEEYGKGPREGKETRKEALLRETDGRCIYCGKSIDISNAHDDHIFPRKAGGLNIFANLVACCAVCNENKKGRTPLESGISPKPEIIAFMKNDLKKKILEDARNINTVDFNKYMSHASIGWRYMRDRLRESAGNKKLPIERQSGIYTAYFRRWWGFKKERGNTLHHALDAVILASRKGYSDDGLVDMTLKPKYNKGGEFDPEKHLPEPIEFKMDKGSRGSALHDRNPLSYKKGIITRRFMVTEIECGKEDDVISETYREKLKEAFKRFDTKKGKCLTDKEAKEAGFCIKKNELVMSLKCSIKGTGPGQMIRINNNVFKTNVHNVGVDVYLDEKGKKKAYERKNPRLSKHFIEPPPQPNGRVSFTLKRRDMVTVEGEDAIYRIKKLGTSPTIEAVVGSDGKTRTVSATKLTKANSAE,RUVC,1,45,747,747,0.958786893974651
seq_1,MG34-1,MERELVLGIDYGGKYTGLAVVDRRHNQVLYANRLKMRDDVAGILKDRRKQRGIRRTAQTKKKRLRELKNYLKSIGYNESTATFETVYSLAHKRGYDYADMPEEKTSEEIEAMDVEERKQWEKEKQEWEETKRNSRHRKEVVKDVHKAMIEGRATEEQIKRVERIFNKQYRPKRFNNRILTKCKVEDCGVNTPLRKNVRDLLIENIVRFFPIEQSEKDNLKDAVLDKNRREEVKSFFRKHKTDEHIRKQVYDIADNKLSGRTVFCKEHILEHTEHSKEERKVFRLAPSLKTKIENVLAVIKDEILPKFTVNKVVMESNNFDIAAKTQGKKRLAKEEYGKGPREGKETRKEALLRETDGRCIYCGKSIDISNAHDDHIFPRKAGGLNIFANLVACCAVCNENKKGRTPLESGISPKPEIIAFMKNDLKKKILEDARNINTVDFNKYMSHASIGWRYMRDRLRESAGNKKLPIERQSGIYTAYFRRWWGFKKERGNTLHHALDAVILASRKGYSDDGLVDMTLKPKYNKGGEFDPEKHLPEPIEFKMDKGSRGSALHDRNPLSYKKGIITRRFMVTEIECGKEDDVISETYREKLKEAFKRFDTKKGKCLTDKEAKEAGFCIKKNELVMSLKCSIKGTGPGQMIRINNNVFKTNVHNVGVDVYLDEKGKKKAYERKNPRLSKHFIEPPPQPNGRVSFTLKRRDMVTVEGEDAIYRIKKLGTSPTIEAVVGSDGKTRTVSATKLTKANSAE,RUVC,282,319,747,747,0.9481304593988367
seq_1,MG34-1,MERELVLGIDYGGKYTGLAVVDRRHNQVLYANRLKMRDDVAGILKDRRKQRGIRRTAQTKKKRLRELKNYLKSIGYNESTATFETVYSLAHKRGYDYADMPEEKTSEEIEAMDVEERKQWEKEKQEWEETKRNSRHRKEVVKDVHKAMIEGRATEEQIKRVERIFNKQYRPKRFNNRILTKCKVEDCGVNTPLRKNVRDLLIENIVRFFPIEQSEKDNLKDAVLDKNRREEVKSFFRKHKTDEHIRKQVYDIADNKLSGRTVFCKEHILEHTEHSKEERKVFRLAPSLKTKIENVLAVIKDEILPKFTVNKVVMESNNFDIAAKTQGKKRLAKEEYGKGPREGKETRKEALLRETDGRCIYCGKSIDISNAHDDHIFPRKAGGLNIFANLVACCAVCNENKKGRTPLESGISPKPEIIAFMKNDLKKKILEDARNINTVDFNKYMSHASIGWRYMRDRLRESAGNKKLPIERQSGIYTAYFRRWWGFKKERGNTLHHALDAVILASRKGYSDDGLVDMTLKPKYNKGGEFDPEKHLPEPIEFKMDKGSRGSALHDRNPLSYKKGIITRRFMVTEIECGKEDDVISETYREKLKEAFKRFDTKKGKCLTDKEAKEAGFCIKKNELVMSLKCSIKGTGPGQMIRINNNVFKTNVHNVGVDVYLDEKGKKKAYERKNPRLSKHFIEPPPQPNGRVSFTLKRRDMVTVEGEDAIYRIKKLGTSPTIEAVVGSDGKTRTVSATKLTKANSAE,HNH,320,447,747,747,0.9881360223516822
seq_1,MG34-1,MERELVLGIDYGGKYTGLAVVDRRHNQVLYANRLKMRDDVAGILKDRRKQRGIRRTAQTKKKRLRELKNYLKSIGYNESTATFETVYSLAHKRGYDYADMPEEKTSEEIEAMDVEERKQWEKEKQEWEETKRNSRHRKEVVKDVHKAMIEGRATEEQIKRVERIFNKQYRPKRFNNRILTKCKVEDCGVNTPLRKNVRDLLIENIVRFFPIEQSEKDNLKDAVLDKNRREEVKSFFRKHKTDEHIRKQVYDIADNKLSGRTVFCKEHILEHTEHSKEERKVFRLAPSLKTKIENVLAVIKDEILPKFTVNKVVMESNNFDIAAKTQGKKRLAKEEYGKGPREGKETRKEALLRETDGRCIYCGKSIDISNAHDDHIFPRKAGGLNIFANLVACCAVCNENKKGRTPLESGISPKPEIIAFMKNDLKKKILEDARNINTVDFNKYMSHASIGWRYMRDRLRESAGNKKLPIERQSGIYTAYFRRWWGFKKERGNTLHHALDAVILASRKGYSDDGLVDMTLKPKYNKGGEFDPEKHLPEPIEFKMDKGSRGSALHDRNPLSYKKGIITRRFMVTEIECGKEDDVISETYREKLKEAFKRFDTKKGKCLTDKEAKEAGFCIKKNELVMSLKCSIKGTGPGQMIRINNNVFKTNVHNVGVDVYLDEKGKKKAYERKNPRLSKHFIEPPPQPNGRVSFTLKRRDMVTVEGEDAIYRIKKLGTSPTIEAVVGSDGKTRTVSATKLTKANSAE,RUVC,459,562,747,747,0.9735349382011635
seq_2,MG34-9,MEREIVLGIDYGGKYTGLAVVDRRHNQVLYANRVKMRDDVADILKGRREQRGIRRTAQTKKKRLRELRNYLKSIGYNESTATFKTVYSLAHKRGYDYADMPEEKTSEKIEAMDEEERKQWEKEKQEWEETKRNSRHREEVLKDVRKAMTEGRAAEEQIKRVESIFNKQYRPKRFNNRILTKCKVCGKNTPLRRKVRELLLENIVRFLPLESEMKETLKQTILEGQQENINKIFRKLKFNQKDWPGKNLTDIAKNKLPGRLPFCKEHFSENEKFTMIEKSTFRLAPSLKTKIENVLAVIKDEILPKFTINKVVMESNNFDIAAKTQGKKRLAKEEYGKGPREGKETRKEALLRETNGRCIYCGKSIDISNAHDDHIFPRKSGGLNIFANLVACCAVCNENKKGRTPLESGILPKPDVIRFMEDEFNRLKIKMWKIRRKQSLTTEEIMDKAKRNKLELKLKILEDAQQVNELDFNKYMSHASIGWRYMRDRLRESAGNKKLPIERQSGIYTAYFRRWWGFKKERGNTLHHALDAVILASRKGYSDDGLVDMTLKPKYNKGGEFDPEKHIPEPIEFKRDKGSKGSALHDRNPLSYKKGIITRRFMVTEIECGKEDDVISETYREKLKEAFKLFDTKKGKCLTDKEAKEAGFCIKKHELVMSLKCSIKGTGPGQMIRINNNVFKTNVHNVGVDVYLDEKGKKKAYERKNPRLSKHFIEPPPQPNGRVSFTLKRRDMVTVEGEDAIYRIKKLGTSPTIEAVVGSDGKTRTVSATKLTKANNAE,RUVC,1,44,778,778,0.9614230505255765
seq_2,MG34-9,MEREIVLGIDYGGKYTGLAVVDRRHNQVLYANRVKMRDDVADILKGRREQRGIRRTAQTKKKRLRELRNYLKSIGYNESTATFKTVYSLAHKRGYDYADMPEEKTSEKIEAMDEEERKQWEKEKQEWEETKRNSRHREEVLKDVRKAMTEGRAAEEQIKRVESIFNKQYRPKRFNNRILTKCKVCGKNTPLRRKVRELLLENIVRFLPLESEMKETLKQTILEGQQENINKIFRKLKFNQKDWPGKNLTDIAKNKLPGRLPFCKEHFSENEKFTMIEKSTFRLAPSLKTKIENVLAVIKDEILPKFTINKVVMESNNFDIAAKTQGKKRLAKEEYGKGPREGKETRKEALLRETNGRCIYCGKSIDISNAHDDHIFPRKSGGLNIFANLVACCAVCNENKKGRTPLESGILPKPDVIRFMEDEFNRLKIKMWKIRRKQSLTTEEIMDKAKRNKLELKLKILEDAQQVNELDFNKYMSHASIGWRYMRDRLRESAGNKKLPIERQSGIYTAYFRRWWGFKKERGNTLHHALDAVILASRKGYSDDGLVDMTLKPKYNKGGEFDPEKHIPEPIEFKRDKGSKGSALHDRNPLSYKKGIITRRFMVTEIECGKEDDVISETYREKLKEAFKLFDTKKGKCLTDKEAKEAGFCIKKHELVMSLKCSIKGTGPGQMIRINNNVFKTNVHNVGVDVYLDEKGKKKAYERKNPRLSKHFIEPPPQPNGRVSFTLKRRDMVTVEGEDAIYRIKKLGTSPTIEAVVGSDGKTRTVSATKLTKANNAE,RUVC,280,318,778,778,0.9242053966264467
seq_2,MG34-9,MEREIVLGIDYGGKYTGLAVVDRRHNQVLYANRVKMRDDVADILKGRREQRGIRRTAQTKKKRLRELRNYLKSIGYNESTATFKTVYSLAHKRGYDYADMPEEKTSEKIEAMDEEERKQWEKEKQEWEETKRNSRHREEVLKDVRKAMTEGRAAEEQIKRVESIFNKQYRPKRFNNRILTKCKVCGKNTPLRRKVRELLLENIVRFLPLESEMKETLKQTILEGQQENINKIFRKLKFNQKDWPGKNLTDIAKNKLPGRLPFCKEHFSENEKFTMIEKSTFRLAPSLKTKIENVLAVIKDEILPKFTINKVVMESNNFDIAAKTQGKKRLAKEEYGKGPREGKETRKEALLRETNGRCIYCGKSIDISNAHDDHIFPRKSGGLNIFANLVACCAVCNENKKGRTPLESGILPKPDVIRFMEDEFNRLKIKMWKIRRKQSLTTEEIMDKAKRNKLELKLKILEDAQQVNELDFNKYMSHASIGWRYMRDRLRESAGNKKLPIERQSGIYTAYFRRWWGFKKERGNTLHHALDAVILASRKGYSDDGLVDMTLKPKYNKGGEFDPEKHIPEPIEFKRDKGSKGSALHDRNPLSYKKGIITRRFMVTEIECGKEDDVISETYREKLKEAFKLFDTKKGKCLTDKEAKEAGFCIKKHELVMSLKCSIKGTGPGQMIRINNNVFKTNVHNVGVDVYLDEKGKKKAYERKNPRLSKHFIEPPPQPNGRVSFTLKRRDMVTVEGEDAIYRIKKLGTSPTIEAVVGSDGKTRTVSATKLTKANNAE,HNH,319,474,778,778,0.9808686267945075
seq_2,MG34-9,MEREIVLGIDYGGKYTGLAVVDRRHNQVLYANRVKMRDDVADILKGRREQRGIRRTAQTKKKRLRELRNYLKSIGYNESTATFKTVYSLAHKRGYDYADMPEEKTSEKIEAMDEEERKQWEKEKQEWEETKRNSRHREEVLKDVRKAMTEGRAAEEQIKRVESIFNKQYRPKRFNNRILTKCKVCGKNTPLRRKVRELLLENIVRFLPLESEMKETLKQTILEGQQENINKIFRKLKFNQKDWPGKNLTDIAKNKLPGRLPFCKEHFSENEKFTMIEKSTFRLAPSLKTKIENVLAVIKDEILPKFTINKVVMESNNFDIAAKTQGKKRLAKEEYGKGPREGKETRKEALLRETNGRCIYCGKSIDISNAHDDHIFPRKSGGLNIFANLVACCAVCNENKKGRTPLESGILPKPDVIRFMEDEFNRLKIKMWKIRRKQSLTTEEIMDKAKRNKLELKLKILEDAQQVNELDFNKYMSHASIGWRYMRDRLRESAGNKKLPIERQSGIYTAYFRRWWGFKKERGNTLHHALDAVILASRKGYSDDGLVDMTLKPKYNKGGEFDPEKHIPEPIEFKRDKGSKGSALHDRNPLSYKKGIITRRFMVTEIECGKEDDVISETYREKLKEAFKLFDTKKGKCLTDKEAKEAGFCIKKHELVMSLKCSIKGTGPGQMIRINNNVFKTNVHNVGVDVYLDEKGKKKAYERKNPRLSKHFIEPPPQPNGRVSFTLKRRDMVTVEGEDAIYRIKKLGTSPTIEAVVGSDGKTRTVSATKLTKANNAE,RUVC,475,593,778,778,0.9729856655129001
seq_3,MG35-1,MQRVFVLDHNKQPLMPCHPARARKLLKKGKAAVYRRYPFAIIMTHRVGGDLQTVEIKFDPGSRTTGIALVGDFDRGKEVIWAGNLNHRGHQIKSNLNSRRAIRRARRNRKTRYRQARFNNRRRPKGWLPPSLRSRVDNTKNWMHKLARLAPLTQIAVETVRFDTQKLQKPEISGVEYQQGELAGYELREYLLEKWGRECAYCGAKNIPLEIEHIQARSKGGSDRVSNLTLACTPCNIDKGNKDIKEFLSLKPKRLKKIQATATAPLKDAAAVNATRYATGNVLKCFSLPITFSSGGRTKFNRVKLGYLKDHWIDAACVGESGSQVVIPKAITPLIITSKGRGSRQKCRMNQYGFPRTGPKKQKQVKGFQTGDIVKAIVTKGKKIGTYIGRVVVRSRGSFDIGSGEKKVGSISYKYCQLLQRADGYEYT,RUVC,53,87,428,428,0.9998344029699053
seq_3,MG35-1,MQRVFVLDHNKQPLMPCHPARARKLLKKGKAAVYRRYPFAIIMTHRVGGDLQTVEIKFDPGSRTTGIALVGDFDRGKEVIWAGNLNHRGHQIKSNLNSRRAIRRARRNRKTRYRQARFNNRRRPKGWLPPSLRSRVDNTKNWMHKLARLAPLTQIAVETVRFDTQKLQKPEISGVEYQQGELAGYELREYLLEKWGRECAYCGAKNIPLEIEHIQARSKGGSDRVSNLTLACTPCNIDKGNKDIKEFLSLKPKRLKKIQATATAPLKDAAAVNATRYATGNVLKCFSLPITFSSGGRTKFNRVKLGYLKDHWIDAACVGESGSQVVIPKAITPLIITSKGRGSRQKCRMNQYGFPRTGPKKQKQVKGFQTGDIVKAIVTKGKKIGTYIGRVVVRSRGSFDIGSGEKKVGSISYKYCQLLQRADGYEYT,RUVC,126,161,428,428,0.9997949136628045
seq_3,MG35-1,MQRVFVLDHNKQPLMPCHPARARKLLKKGKAAVYRRYPFAIIMTHRVGGDLQTVEIKFDPGSRTTGIALVGDFDRGKEVIWAGNLNHRGHQIKSNLNSRRAIRRARRNRKTRYRQARFNNRRRPKGWLPPSLRSRVDNTKNWMHKLARLAPLTQIAVETVRFDTQKLQKPEISGVEYQQGELAGYELREYLLEKWGRECAYCGAKNIPLEIEHIQARSKGGSDRVSNLTLACTPCNIDKGNKDIKEFLSLKPKRLKKIQATATAPLKDAAAVNATRYATGNVLKCFSLPITFSSGGRTKFNRVKLGYLKDHWIDAACVGESGSQVVIPKAITPLIITSKGRGSRQKCRMNQYGFPRTGPKKQKQVKGFQTGDIVKAIVTKGKKIGTYIGRVVVRSRGSFDIGSGEKKVGSISYKYCQLLQRADGYEYT,HNH,162,268,428,428,0.9825163622882879
seq_3,MG35-1,MQRVFVLDHNKQPLMPCHPARARKLLKKGKAAVYRRYPFAIIMTHRVGGDLQTVEIKFDPGSRTTGIALVGDFDRGKEVIWAGNLNHRGHQIKSNLNSRRAIRRARRNRKTRYRQARFNNRRRPKGWLPPSLRSRVDNTKNWMHKLARLAPLTQIAVETVRFDTQKLQKPEISGVEYQQGELAGYELREYLLEKWGRECAYCGAKNIPLEIEHIQARSKGGSDRVSNLTLACTPCNIDKGNKDIKEFLSLKPKRLKKIQATATAPLKDAAAVNATRYATGNVLKCFSLPITFSSGGRTKFNRVKLGYLKDHWIDAACVGESGSQVVIPKAITPLIITSKGRGSRQKCRMNQYGFPRTGPKKQKQVKGFQTGDIVKAIVTKGKKIGTYIGRVVVRSRGSFDIGSGEKKVGSISYKYCQLLQRADGYEYT,RUVC,269,343,428,428,0.9994838492075602
seq_4,MG35-2,MDMVYVLNKDGKPLMATTRGGRVRYLLKEKKARVVSSTPFTIQLNYDTPDATQDLILGIDPGRTNIGVAVVKEDGQCVFSAHLETRNKEVPLLMKKRAAFRRQHRTQDRRRKRQRRAIAAGTTVESNTIERLLPGYEKPIVCHHIRNKEARFNNRSRPAGWLTPTANHLLQAHINLIAKAAKFLPITKVVVELNRFAFMAMDNPNIRRWEYQQGPLYGLGSVKDAVYAQQDGHCLFCKKPIDHYHHVVPRHKGGSETLANRCGLCEKHHALVHKDKAWAEKLVTRKGGMNKKYHALSVLNQIIPHLMEYIGSETLYDAYATDGRSTKGFRIAKNVPKEHYTDAYCIACSILDADTKVSTPVEPFELKQFRRHDRQACIRQMVDRKYLLHGKVVAANRHKAIEQKSDSLEEFREAHGNAAVSQLTVKPHHSQCKDMARIMPGAMMDFDGIVGVFKGSSGRNNGTPNYYNSTKGERFLTRSCVLLAQNAGMVFIPA,RUVC,54,85,494,494,0.9998585563153028
seq_4,MG35-2,MDMVYVLNKDGKPLMATTRGGRVRYLLKEKKARVVSSTPFTIQLNYDTPDATQDLILGIDPGRTNIGVAVVKEDGQCVFSAHLETRNKEVPLLMKKRAAFRRQHRTQDRRRKRQRRAIAAGTTVESNTIERLLPGYEKPIVCHHIRNKEARFNNRSRPAGWLTPTANHLLQAHINLIAKAAKFLPITKVVVELNRFAFMAMDNPNIRRWEYQQGPLYGLGSVKDAVYAQQDGHCLFCKKPIDHYHHVVPRHKGGSETLANRCGLCEKHHALVHKDKAWAEKLVTRKGGMNKKYHALSVLNQIIPHLMEYIGSETLYDAYATDGRSTKGFRIAKNVPKEHYTDAYCIACSILDADTKVSTPVEPFELKQFRRHDRQACIRQMVDRKYLLHGKVVAANRHKAIEQKSDSLEEFREAHGNAAVSQLTVKPHHSQCKDMARIMPGAMMDFDGIVGVFKGSSGRNNGTPNYYNSTKGERFLTRSCVLLAQNAGMVFIPA,RUVC,160,195,494,494,0.9992871284484863
seq_4,MG35-2,MDMVYVLNKDGKPLMATTRGGRVRYLLKEKKARVVSSTPFTIQLNYDTPDATQDLILGIDPGRTNIGVAVVKEDGQCVFSAHLETRNKEVPLLMKKRAAFRRQHRTQDRRRKRQRRAIAAGTTVESNTIERLLPGYEKPIVCHHIRNKEARFNNRSRPAGWLTPTANHLLQAHINLIAKAAKFLPITKVVVELNRFAFMAMDNPNIRRWEYQQGPLYGLGSVKDAVYAQQDGHCLFCKKPIDHYHHVVPRHKGGSETLANRCGLCEKHHALVHKDKAWAEKLVTRKGGMNKKYHALSVLNQIIPHLMEYIGSETLYDAYATDGRSTKGFRIAKNVPKEHYTDAYCIACSILDADTKVSTPVEPFELKQFRRHDRQACIRQMVDRKYLLHGKVVAANRHKAIEQKSDSLEEFREAHGNAAVSQLTVKPHHSQCKDMARIMPGAMMDFDGIVGVFKGSSGRNNGTPNYYNSTKGERFLTRSCVLLAQNAGMVFIPA,HNH,196,295,494,494,0.9954957330226898
seq_4,MG35-2,MDMVYVLNKDGKPLMATTRGGRVRYLLKEKKARVVSSTPFTIQLNYDTPDATQDLILGIDPGRTNIGVAVVKEDGQCVFSAHLETRNKEVPLLMKKRAAFRRQHRTQDRRRKRQRRAIAAGTTVESNTIERLLPGYEKPIVCHHIRNKEARFNNRSRPAGWLTPTANHLLQAHINLIAKAAKFLPITKVVVELNRFAFMAMDNPNIRRWEYQQGPLYGLGSVKDAVYAQQDGHCLFCKKPIDHYHHVVPRHKGGSETLANRCGLCEKHHALVHKDKAWAEKLVTRKGGMNKKYHALSVLNQIIPHLMEYIGSETLYDAYATDGRSTKGFRIAKNVPKEHYTDAYCIACSILDADTKVSTPVEPFELKQFRRHDRQACIRQMVDRKYLLHGKVVAANRHKAIEQKSDSLEEFREAHGNAAVSQLTVKPHHSQCKDMARIMPGAMMDFDGIVGVFKGSSGRNNGTPNYYNSTKGERFLTRSCVLLAQNAGMVFIPA,RUVC,296,368,494,494,0.9644658336900684
seq_5,MG35-102,MSNFVFVIDTNHKPLSPCKPGMARSLLKAGKAAVFRRYPFTIILKKAVETNPEPLELKLDPGSKVTGIAIKQGDKIIFGAELQHRGQQIKEALLSCRQLRRGRRNRKTRYRQARFLNRTRPDGWLAPSLQHRIETALTWVRKLIRFAPIARIVQELVRFDTQLIQNPEISGVLYQQGELQGYEVREYLLEKWNRQCAYCSAQNVPFEVEHIQPKSKGGSDRVPNLTLACHDCNQKKGNQDVRAFLATKPDLLNRILKQAKLPLKDAAAVNSTRWALFNALKETGLPVTTGTGGQTKFNRNRLGLPKSHWLDAACVGNFEALEVLTSKPLLIAAKGHGTRQMCGTNKYGFPTRHKSRVQIHKGYQTGDIVSATVTAGKKVGSYIGRVLCRASGSFDIATKTGRITGISHKYCNPIHKKDGYSYAF,RUVC,54,84,424,424,0.9999638545897699
seq_5,MG35-102,MSNFVFVIDTNHKPLSPCKPGMARSLLKAGKAAVFRRYPFTIILKKAVETNPEPLELKLDPGSKVTGIAIKQGDKIIFGAELQHRGQQIKEALLSCRQLRRGRRNRKTRYRQARFLNRTRPDGWLAPSLQHRIETALTWVRKLIRFAPIARIVQELVRFDTQLIQNPEISGVLYQQGELQGYEVREYLLEKWNRQCAYCSAQNVPFEVEHIQPKSKGGSDRVPNLTLACHDCNQKKGNQDVRAFLATKPDLLNRILKQAKLPLKDAAAVNSTRWALFNALKETGLPVTTGTGGQTKFNRNRLGLPKSHWLDAACVGNFEALEVLTSKPLLIAAKGHGTRQMCGTNKYGFPTRHKSRVQIHKGYQTGDIVSATVTAGKKVGSYIGRVLCRASGSFDIATKTGRITGISHKYCNPIHKKDGYSYAF,RUVC,123,158,424,424,0.9999234974384308
seq_5,MG35-102,MSNFVFVIDTNHKPLSPCKPGMARSLLKAGKAAVFRRYPFTIILKKAVETNPEPLELKLDPGSKVTGIAIKQGDKIIFGAELQHRGQQIKEALLSCRQLRRGRRNRKTRYRQARFLNRTRPDGWLAPSLQHRIETALTWVRKLIRFAPIARIVQELVRFDTQLIQNPEISGVLYQQGELQGYEVREYLLEKWNRQCAYCSAQNVPFEVEHIQPKSKGGSDRVPNLTLACHDCNQKKGNQDVRAFLATKPDLLNRILKQAKLPLKDAAAVNSTRWALFNALKETGLPVTTGTGGQTKFNRNRLGLPKSHWLDAACVGNFEALEVLTSKPLLIAAKGHGTRQMCGTNKYGFPTRHKSRVQIHKGYQTGDIVSATVTAGKKVGSYIGRVLCRASGSFDIATKTGRITGISHKYCNPIHKKDGYSYAF,HNH,159,265,424,424,0.9974964077227584
seq_5,MG35-102,MSNFVFVIDTNHKPLSPCKPGMARSLLKAGKAAVFRRYPFTIILKKAVETNPEPLELKLDPGSKVTGIAIKQGDKIIFGAELQHRGQQIKEALLSCRQLRRGRRNRKTRYRQARFLNRTRPDGWLAPSLQHRIETALTWVRKLIRFAPIARIVQELVRFDTQLIQNPEISGVLYQQGELQGYEVREYLLEKWNRQCAYCSAQNVPFEVEHIQPKSKGGSDRVPNLTLACHDCNQKKGNQDVRAFLATKPDLLNRILKQAKLPLKDAAAVNSTRWALFNALKETGLPVTTGTGGQTKFNRNRLGLPKSHWLDAACVGNFEALEVLTSKPLLIAAKGHGTRQMCGTNKYGFPTRHKSRVQIHKGYQTGDIVSATVTAGKKVGSYIGRVLCRASGSFDIATKTGRITGISHKYCNPIHKKDGYSYAF,RUVC,266,338,424,424,0.9996349893204154
seq_6,MG102-14,MITLAIDYGASNIGIALVRNTEEGNEPLFAGTIIIDAKGVKDLAEPRAAIRRLRRTRKTKIRRLRQLSLALKRLGLGEEVSRIVRFARRRGYKSLFDDPDEAKQTKDDVSGYRCTREEFFHELEHELQAIIIDTEQYHRALSVCERVLNRRGERYGEIRPLKIDNRGRSRCAWEGCNRVTPRRHNATDDVVRQQLVTYFQSPLRREPGKLPMLEQAVVKLDIISKNLRGSNEAKCRNALNKRARTILRGLQAALPMHEDEGGSDKESWEYVEKGIVKILENAGGRNRYCREHSKAYCDRVLEGKPSEFKSSIQESDIISRREQIIFNKLWRYIEARLLPLAPEGIDRIVVERTAFDLLAGKQKKIRDASSKSVESIYQYGPRYGFTSEKEMLRKEFGGLCAYCGKPSETLLEREHILPRRLFFFDSYLNILPSCPQCNAAKGTSLPGVSSLRIHEDAYRNYESYINELKSKRPLHFLHTEKKGILNLMRDPERAWDWERYLRLIANNFASIVQTQRGPRPFARYLYSKLSRRQEKPPEIAFRSGRHTALYRSVAYPDFSKAQEKAGEDGNSHPVNHALDALLLASKLPRPEPLEARGLNHASLKAWADQVRGKAAPAGEDGIPVIPAYKCFVPGFEETDAHGYVTVEMAMMNWNKKDTATTKQDPYGWSESRQHPTKRVSARTLFDDLREEKSKKNPSELIKRIYHPALRSAVEKAYQESHNRIQAAEALKNWLRDSVKNSLRSSSFSRHPSDIRRRQDLERFANGKTDEIPVVIGIKCLDTGVAGKIDAARMDRQTGTTGHRYLTDPANRGVVLAYPTTRSGACDRRKPCTAGIRQNYSLKTDETAFRSMPASLERGVVWGKKTHSPRAMESAFSKELEQYLRDRRFHSYCILTAGCVVCYEDGTERFIRNFDKSKGFKKTILRNIVALKRTPLSTRVVPLKVLTALP,RUVC,1,45,949,949,0.98242496781879
seq_6,MG102-14,MITLAIDYGASNIGIALVRNTEEGNEPLFAGTIIIDAKGVKDLAEPRAAIRRLRRTRKTKIRRLRQLSLALKRLGLGEEVSRIVRFARRRGYKSLFDDPDEAKQTKDDVSGYRCTREEFFHELEHELQAIIIDTEQYHRALSVCERVLNRRGERYGEIRPLKIDNRGRSRCAWEGCNRVTPRRHNATDDVVRQQLVTYFQSPLRREPGKLPMLEQAVVKLDIISKNLRGSNEAKCRNALNKRARTILRGLQAALPMHEDEGGSDKESWEYVEKGIVKILENAGGRNRYCREHSKAYCDRVLEGKPSEFKSSIQESDIISRREQIIFNKLWRYIEARLLPLAPEGIDRIVVERTAFDLLAGKQKKIRDASSKSVESIYQYGPRYGFTSEKEMLRKEFGGLCAYCGKPSETLLEREHILPRRLFFFDSYLNILPSCPQCNAAKGTSLPGVSSLRIHEDAYRNYESYINELKSKRPLHFLHTEKKGILNLMRDPERAWDWERYLRLIANNFASIVQTQRGPRPFARYLYSKLSRRQEKPPEIAFRSGRHTALYRSVAYPDFSKAQEKAGEDGNSHPVNHALDALLLASKLPRPEPLEARGLNHASLKAWADQVRGKAAPAGEDGIPVIPAYKCFVPGFEETDAHGYVTVEMAMMNWNKKDTATTKQDPYGWSESRQHPTKRVSARTLFDDLREEKSKKNPSELIKRIYHPALRSAVEKAYQESHNRIQAAEALKNWLRDSVKNSLRSSSFSRHPSDIRRRQDLERFANGKTDEIPVVIGIKCLDTGVAGKIDAARMDRQTGTTGHRYLTDPANRGVVLAYPTTRSGACDRRKPCTAGIRQNYSLKTDETAFRSMPASLERGVVWGKKTHSPRAMESAFSKELEQYLRDRRFHSYCILTAGCVVCYEDGTERFIRNFDKSKGFKKTILRNIVALKRTPLSTRVVPLKVLTALP,RUVC,313,353,949,949,0.9516114374486412
seq_6,MG102-14,MITLAIDYGASNIGIALVRNTEEGNEPLFAGTIIIDAKGVKDLAEPRAAIRRLRRTRKTKIRRLRQLSLALKRLGLGEEVSRIVRFARRRGYKSLFDDPDEAKQTKDDVSGYRCTREEFFHELEHELQAIIIDTEQYHRALSVCERVLNRRGERYGEIRPLKIDNRGRSRCAWEGCNRVTPRRHNATDDVVRQQLVTYFQSPLRREPGKLPMLEQAVVKLDIISKNLRGSNEAKCRNALNKRARTILRGLQAALPMHEDEGGSDKESWEYVEKGIVKILENAGGRNRYCREHSKAYCDRVLEGKPSEFKSSIQESDIISRREQIIFNKLWRYIEARLLPLAPEGIDRIVVERTAFDLLAGKQKKIRDASSKSVESIYQYGPRYGFTSEKEMLRKEFGGLCAYCGKPSETLLEREHILPRRLFFFDSYLNILPSCPQCNAAKGTSLPGVSSLRIHEDAYRNYESYINELKSKRPLHFLHTEKKGILNLMRDPERAWDWERYLRLIANNFASIVQTQRGPRPFARYLYSKLSRRQEKPPEIAFRSGRHTALYRSVAYPDFSKAQEKAGEDGNSHPVNHALDALLLASKLPRPEPLEARGLNHASLKAWADQVRGKAAPAGEDGIPVIPAYKCFVPGFEETDAHGYVTVEMAMMNWNKKDTATTKQDPYGWSESRQHPTKRVSARTLFDDLREEKSKKNPSELIKRIYHPALRSAVEKAYQESHNRIQAAEALKNWLRDSVKNSLRSSSFSRHPSDIRRRQDLERFANGKTDEIPVVIGIKCLDTGVAGKIDAARMDRQTGTTGHRYLTDPANRGVVLAYPTTRSGACDRRKPCTAGIRQNYSLKTDETAFRSMPASLERGVVWGKKTHSPRAMESAFSKELEQYLRDRRFHSYCILTAGCVVCYEDGTERFIRNFDKSKGFKKTILRNIVALKRTPLSTRVVPLKVLTALP,HNH,356,503,949,949,0.9411964457329005
seq_6,MG102-14,MITLAIDYGASNIGIALVRNTEEGNEPLFAGTIIIDAKGVKDLAEPRAAIRRLRRTRKTKIRRLRQLSLALKRLGLGEEVSRIVRFARRRGYKSLFDDPDEAKQTKDDVSGYRCTREEFFHELEHELQAIIIDTEQYHRALSVCERVLNRRGERYGEIRPLKIDNRGRSRCAWEGCNRVTPRRHNATDDVVRQQLVTYFQSPLRREPGKLPMLEQAVVKLDIISKNLRGSNEAKCRNALNKRARTILRGLQAALPMHEDEGGSDKESWEYVEKGIVKILENAGGRNRYCREHSKAYCDRVLEGKPSEFKSSIQESDIISRREQIIFNKLWRYIEARLLPLAPEGIDRIVVERTAFDLLAGKQKKIRDASSKSVESIYQYGPRYGFTSEKEMLRKEFGGLCAYCGKPSETLLEREHILPRRLFFFDSYLNILPSCPQCNAAKGTSLPGVSSLRIHEDAYRNYESYINELKSKRPLHFLHTEKKGILNLMRDPERAWDWERYLRLIANNFASIVQTQRGPRPFARYLYSKLSRRQEKPPEIAFRSGRHTALYRSVAYPDFSKAQEKAGEDGNSHPVNHALDALLLASKLPRPEPLEARGLNHASLKAWADQVRGKAAPAGEDGIPVIPAYKCFVPGFEETDAHGYVTVEMAMMNWNKKDTATTKQDPYGWSESRQHPTKRVSARTLFDDLREEKSKKNPSELIKRIYHPALRSAVEKAYQESHNRIQAAEALKNWLRDSVKNSLRSSSFSRHPSDIRRRQDLERFANGKTDEIPVVIGIKCLDTGVAGKIDAARMDRQTGTTGHRYLTDPANRGVVLAYPTTRSGACDRRKPCTAGIRQNYSLKTDETAFRSMPASLERGVVWGKKTHSPRAMESAFSKELEQYLRDRRFHSYCILTAGCVVCYEDGTERFIRNFDKSKGFKKTILRNIVALKRTPLSTRVVPLKVLTALP,RUVC,508,651,949,949,0.9467122463079599
seq_7,MG102-2 ,MVTLGVDYGASSVGLALVRSDEKGHNIPLFAGTIRLDARWLKEKVEVRAGIRRLRRTKKTKRHRLRQLEQSLTQIGLGAEQIQSIVRFSNRRGYKSLFDAGVADDDHDEAELTYRFTREEFFKALGTELQSIIPDTSQRQKALSTCETILNRQGDRSLEIRQIKIDNRGASRCAWEGCNRVTPRSDNALGEVLSQQIYTVFQSALKVNPVLCQKVETATHELHELAKRLRNASGEAASNEKKILRKRARTILRALKELLYTPAEGVGDAEKAWKYIETGIMNIMESRLGRNRYCREHSREYVQTICSGKLVPFKQTISESDIISRREQIAYAKLWRYIEARILPLTPGGIDRIVVERTAFDLLAGSRKTIQKATDQFKEEMYQHGPMYGFESVPDMLKEEFGGLCAYCGQSSSTLIDVDHILPHADFLFDSYLNILPACPKCNSDLKGDRSVSDASLTIHPDAYRAYSDYLKKKFSTRPMHYFHSIKKGVLNLMQDASRLWEAERYLSLIARQFGQIVQSQRGPRPFARYLSTKLSRRQGQAPAIRFRNGRHTALYRRVAYPDFQKQAEKAEGNVLNHALDAILLASELPDLYPVEALNLPLWQLKNWADTVRARAPKSGDEGVPICPDGPQYVDGFETVHPGGYVEVDLRSMRWNQKDSMTHKQDPYGFSEKTGMPTKRGSAFDLYTKLKKEKNPSKVKSRIALIHHPALRKALSESLQSDTTGSSAAENLKTWLRISVKNSLAHSRFSNHPGDQARRSELEKFITQEDCPIPSVIGVKMFDMGVRGKIDMKRLDRQTGGIGHRYMTQPPNKGVIVAYPKREDGKPDLTKPCCVYHKQDLSMTPENISIFKPPPPILSDGVILGKKPYDKGDRRKALEKYLSDCGFHSYVYLTPGCTIRYKDGNEWFVRNFDSSEDFKKGRLREIIGTRRTPFVDSLIPLKVLSQ,RUVC,1,46,946,946,0.9919684827327728
seq_7,MG102-2 ,MVTLGVDYGASSVGLALVRSDEKGHNIPLFAGTIRLDARWLKEKVEVRAGIRRLRRTKKTKRHRLRQLEQSLTQIGLGAEQIQSIVRFSNRRGYKSLFDAGVADDDHDEAELTYRFTREEFFKALGTELQSIIPDTSQRQKALSTCETILNRQGDRSLEIRQIKIDNRGASRCAWEGCNRVTPRSDNALGEVLSQQIYTVFQSALKVNPVLCQKVETATHELHELAKRLRNASGEAASNEKKILRKRARTILRALKELLYTPAEGVGDAEKAWKYIETGIMNIMESRLGRNRYCREHSREYVQTICSGKLVPFKQTISESDIISRREQIAYAKLWRYIEARILPLTPGGIDRIVVERTAFDLLAGSRKTIQKATDQFKEEMYQHGPMYGFESVPDMLKEEFGGLCAYCGQSSSTLIDVDHILPHADFLFDSYLNILPACPKCNSDLKGDRSVSDASLTIHPDAYRAYSDYLKKKFSTRPMHYFHSIKKGVLNLMQDASRLWEAERYLSLIARQFGQIVQSQRGPRPFARYLSTKLSRRQGQAPAIRFRNGRHTALYRRVAYPDFQKQAEKAEGNVLNHALDAILLASELPDLYPVEALNLPLWQLKNWADTVRARAPKSGDEGVPICPDGPQYVDGFETVHPGGYVEVDLRSMRWNQKDSMTHKQDPYGFSEKTGMPTKRGSAFDLYTKLKKEKNPSKVKSRIALIHHPALRKALSESLQSDTTGSSAAENLKTWLRISVKNSLAHSRFSNHPGDQARRSELEKFITQEDCPIPSVIGVKMFDMGVRGKIDMKRLDRQTGGIGHRYMTQPPNKGVIVAYPKREDGKPDLTKPCCVYHKQDLSMTPENISIFKPPPPILSDGVILGKKPYDKGDRRKALEKYLSDCGFHSYVYLTPGCTIRYKDGNEWFVRNFDSSEDFKKGRLREIIGTRRTPFVDSLIPLKVLSQ,HNH,361,496,946,946,0.927825502707408
seq_7,MG102-2 ,MVTLGVDYGASSVGLALVRSDEKGHNIPLFAGTIRLDARWLKEKVEVRAGIRRLRRTKKTKRHRLRQLEQSLTQIGLGAEQIQSIVRFSNRRGYKSLFDAGVADDDHDEAELTYRFTREEFFKALGTELQSIIPDTSQRQKALSTCETILNRQGDRSLEIRQIKIDNRGASRCAWEGCNRVTPRSDNALGEVLSQQIYTVFQSALKVNPVLCQKVETATHELHELAKRLRNASGEAASNEKKILRKRARTILRALKELLYTPAEGVGDAEKAWKYIETGIMNIMESRLGRNRYCREHSREYVQTICSGKLVPFKQTISESDIISRREQIAYAKLWRYIEARILPLTPGGIDRIVVERTAFDLLAGSRKTIQKATDQFKEEMYQHGPMYGFESVPDMLKEEFGGLCAYCGQSSSTLIDVDHILPHADFLFDSYLNILPACPKCNSDLKGDRSVSDASLTIHPDAYRAYSDYLKKKFSTRPMHYFHSIKKGVLNLMQDASRLWEAERYLSLIARQFGQIVQSQRGPRPFARYLSTKLSRRQGQAPAIRFRNGRHTALYRRVAYPDFQKQAEKAEGNVLNHALDAILLASELPDLYPVEALNLPLWQLKNWADTVRARAPKSGDEGVPICPDGPQYVDGFETVHPGGYVEVDLRSMRWNQKDSMTHKQDPYGFSEKTGMPTKRGSAFDLYTKLKKEKNPSKVKSRIALIHHPALRKALSESLQSDTTGSSAAENLKTWLRISVKNSLAHSRFSNHPGDQARRSELEKFITQEDCPIPSVIGVKMFDMGVRGKIDMKRLDRQTGGIGHRYMTQPPNKGVIVAYPKREDGKPDLTKPCCVYHKQDLSMTPENISIFKPPPPILSDGVILGKKPYDKGDRRKALEKYLSDCGFHSYVYLTPGCTIRYKDGNEWFVRNFDSSEDFKKGRLREIIGTRRTPFVDSLIPLKVLSQ,RUVC,519,648,946,946,0.9310738788917661
